generation,agent_name,fish_caught,resource_before,resource_after,payoff,reasoning
1,FishAgent_1,5.0,50.0,25.0,5.0,"Catching 5 fish balances immediate payoff while allowing enough stock to remain for future generations, promoting sustainability."
1,FishAgent_2,5.0,50.0,25.0,5.0,I will catch 5 fish to balance my immediate payoff while ensuring enough fish remain for future generations to sustain the population.
1,FishAgent_3,5.0,50.0,25.0,5.0,"Catching 5 fish balances immediate payoff with sustainability, allowing the fish population to recover for future generations."
1,FishAgent_4,5.0,50.0,25.0,5.0,"Catching 5 fish allows for a sustainable approach, balancing immediate gains with the need to preserve future fish stocks for continued gameplay."
1,FishAgent_5,5.0,50.0,25.0,5.0,Catching 5 fish balances immediate payoff while ensuring enough population remains for future generations.
2,FishAgent_1,5.0,30.625,5.625,5.0,"Catching 5.0 fish allows for sustainable harvesting while ensuring enough fish remain for future generations, maintaining the population above critical levels."
2,FishAgent_2,5.0,30.625,5.625,5.0,"Catching 5 fish allows for a sustainable balance, preserving enough fish for future generations while maximizing current payoff."
2,FishAgent_3,5.0,30.625,5.625,5.0,"Catching 5 fish balances immediate payoff while allowing some population to sustain for future generations, helping prevent overfishing."
2,FishAgent_4,5.0,30.625,5.625,5.0,"Catching 5 fish balances immediate payoff with the need to sustain the population for future generations, minimizing the risk of overfishing."
2,FishAgent_5,5.0,30.625,5.625,5.0,"Catching 5 fish strikes a balance between immediate gain and ensuring some fish population remains for future generations, promoting sustainability."
3,FishAgent_1,1.443515625,7.217578125,0.0,1.443515625,"Catching 3.5 fish balances immediate payoff while allowing for future population sustainability, ensuring that the fish stock can replenish for subsequent generations."
3,FishAgent_2,1.443515625,7.217578125,0.0,1.443515625,"Catching 3.5 fish allows for a sustainable approach, ensuring the fish population can replenish for future generations while still providing a reasonable payoff."
3,FishAgent_3,1.443515625,7.217578125,0.0,1.443515625,Catching 3.5 fish allows for a sustainable harvest while ensuring that the fish population remains viable for future generations. It balances immediate payoff with long-term resource management.
3,FishAgent_4,1.443515625,7.217578125,0.0,1.443515625,Catching 3.5 fish allows for sustainable harvesting while ensuring the fish population remains viable for future generations.
3,FishAgent_5,1.443515625,7.217578125,0.0,1.443515625,Catching 3.5 fish allows for a sustainable approach while still providing a reasonable payoff. This amount balances the need to catch fish now with the goal of maintaining sufficient population levels for future generations.
4,FishAgent_1,0.0,0.0,0.0,0.0,"Catching 0 fish allows for the fish population to recover, ensuring sustainability for future generations."
4,FishAgent_2,0.0,0.0,0.0,0.0,"Catching 0 fish will allow the fish population to recover, ensuring sustainability for future generations."
4,FishAgent_3,0.0,0.0,0.0,0.0,"With a current fish population of 0.00, I cannot catch any fish without depleting resources. It is better to wait for future generations to allow the population to recover."
4,FishAgent_4,0.0,0.0,0.0,0.0,"Since the current fish population is 0.00, I cannot catch any fish without risking future stocks and contributing to overfishing."
4,FishAgent_5,0.0,0.0,0.0,0.0,Catching any fish is unsustainable since the current fish population is 0. Overfishing could lead to future stock depletion.
5,FishAgent_1,0.0,0.0,0.0,0.0,"With the current fish population at 0.00, catching any fish is not possible. It's crucial to allow for fish replenishment in future generations."
5,FishAgent_2,0.0,0.0,0.0,0.0,"Catching 0 fish will allow the fish population to recover, ensuring sustainable stocks for future generations."
5,FishAgent_3,0.0,0.0,0.0,0.0,"Catching no fish is the best choice since the current fish population is zero, ensuring sustainability for future generations."
5,FishAgent_4,0.0,0.0,0.0,0.0,"With a current fish population of 0.00, catching any fish would not be sustainable and would deplete future stocks. It is better to abstain from catching to allow for potential recovery."
5,FishAgent_5,0.0,0.0,0.0,0.0,Catching 0 fish is optimal as the current fish population is 0. This will help in preserving the resource for future generations.
6,FishAgent_1,0.0,0.0,0.0,0.0,"With a current fish population of 0.00, I cannot catch any fish without risking overfishing and further depleting future stocks."
6,FishAgent_2,0.0,0.0,0.0,0.0,"With the current fish population at 0.00, I cannot catch any fish. Overfishing should also be avoided to ensure future stocks are preserved."
6,FishAgent_3,0.0,0.0,0.0,0.0,Catching 0 fish is necessary as the current fish population is 0. Catching fish in this situation would lead to overfishing and depletion of future stocks.
6,FishAgent_4,0.0,0.0,0.0,0.0,Catching 0 fish helps preserve the fish population for future generations since the current fish population is already depleted.
6,FishAgent_5,0.0,0.0,0.0,0.0,"Catching 0 fish preserves the fish population for future generations, as the current population is already 0. Overfishing would lead to depletion and affect future payoffs."
7,FishAgent_1,0.0,0.0,0.0,0.0,"Since the current fish population is 0.00, catching any fish would deplete resources further and negatively impact future stock levels."
7,FishAgent_2,0.0,0.0,0.0,0.0,"Catching zero fish is the best option as the current fish population is 0.00, preventing further depletion and allowing for potential future stock recovery."
7,FishAgent_3,0.0,0.0,0.0,0.0,"Catching 0 fish preserves the fish population for future generations, preventing depletion and ensuring sustainability."
7,FishAgent_4,0.0,0.0,0.0,0.0,Catching 0 fish is optimal as the current fish population is depleted. This decision aims to allow for potential recovery of fish stocks in future generations.
7,FishAgent_5,0.0,0.0,0.0,0.0,"Catching 0 fish will allow the fish population to recover and increase future stocks, ensuring sustainability in the long run."
8,FishAgent_1,0.0,0.0,0.0,0.0,"Since the current fish population is 0.00, I cannot catch any fish without depleting potential resources for future generations."
8,FishAgent_2,0.0,0.0,0.0,0.0,"Catching 0 fish helps to preserve the fish population for future generations, avoiding overfishing and allowing stocks to recover."
8,FishAgent_3,0.0,0.0,0.0,0.0,Catching 0 fish preserves the fish population and ensures sustainability for future generations.
8,FishAgent_4,0.0,0.0,0.0,0.0,"With a current fish population of 0.00, I cannot catch any fish without risking overfishing and depleting future stocks."
8,FishAgent_5,0.0,0.0,0.0,0.0,Catching 0 fish to allow the population to recover is necessary since the current fish population is 0. Overfishing may lead to depletion of future stocks.
9,FishAgent_1,0.0,0.0,0.0,0.0,"Catching no fish preserves the fish population for future generations, ensuring sustainability and potential for higher catches later."
9,FishAgent_2,0.0,0.0,0.0,0.0,"Since the current fish population is 0.00, catching any fish is not possible. To ensure future stock sustainability, I will not catch any fish."
9,FishAgent_3,0.0,0.0,0.0,0.0,"Catching any fish is not sustainable as the current fish population is 0.00, which could lead to future depletion of stocks."
9,FishAgent_4,0.0,0.0,0.0,0.0,"Since the current fish population is 0.00, I will not catch any fish to prevent overfishing and allow for potential regeneration of the fish stock in future generations."
9,FishAgent_5,0.0,0.0,0.0,0.0,"With a current fish population of 0.00, I cannot catch any fish. It's best to refrain from catching to allow for potential regeneration in future generations."
10,FishAgent_1,0.0,0.0,0.0,0.0,"By not catching any fish, I ensure the fish population can recover, allowing for a sustainable catch in future generations."
10,FishAgent_2,0.0,0.0,0.0,0.0,"With a current fish population of 0.00, catching any fish would not be sustainable. It's important to allow the population to recover before harvesting."
10,FishAgent_3,0.0,0.0,0.0,0.0,Catching 0 fish to allow the fish population to recover and promote sustainability for future generations.
10,FishAgent_4,0.0,0.0,0.0,0.0,Catching 0 fish is the best choice since the current fish population is 0. Overfishing could deplete stocks further in future generations.
10,FishAgent_5,0.0,0.0,0.0,0.0,Catching no fish to allow the population to recover and prevent depletion for future generations.
