round_number,agent_name,action,quantity,rationale,old_price,new_price,profit,total_position,total_pnl,generation
1,Agent_1,HOLD,0.0,"The market price has not changed from the previous round, suggesting a stable environment. Given the lack of volatility and no clear trend, holding is prudent to gather more information in subsequent rounds before making a strategic move.",100.0,101.74503533175738,0.0,0.0,0.0,1
1,Agent_2,BUY,5.0,"With the current price stable and no recent price change, buying a small quantity allows us to test the market impact and potentially benefit from future price increases during the remaining rounds. The recent volatility is low, suggesting a stable environment for this initial trade.",100.0,101.74503533175738,-0.5,5.0,-0.5,1
1,Agent_3,HOLD,0.0,"Since it is the start of the trading rounds with no price change or trend established, holding off on making a move is prudent to gather more data and reduce risk of adverse market impact.",100.0,101.74503533175738,0.0,0.0,0.0,1
1,Agent_4,HOLD,0.0,The market is stable with no price change or volatility signals. Holding to gather more data before making a strategic decision.,100.0,101.74503533175738,0.0,0.0,0.0,1
1,Agent_5,HOLD,0.0,"The market has shown no price change, indicating a lack of clear momentum. With 1.00% volatility, it is prudent to observe further price movements before committing to a position in order to minimize impact and risk.",100.0,101.74503533175738,0.0,0.0,0.0,1
2,Agent_1,BUY,5.0,"The market price increased from $100.00 to $101.75, indicating a potential upward trend. Given the recent volatility of 1%, I will take a moderate position to capitalize on further price increases while managing risk.",101.74503533175738,101.59775627794191,-0.5087251766587869,5.0,-0.5087251766587869,1
2,Agent_2,HOLD,0.0,"The market has shown a significant jump in price from $100.00 to $101.75, indicating potential volatility. With a recent 1.00% volatility and our current position at 5.0 units, holding is prudent to avoid exacerbating the market impact and to gather more information on future price movements. Additionally, we need to evaluate the market's reaction before adjusting our position further.",101.74503533175738,101.59775627794191,-0.7363952690773345,5.0,-1.2363952690773345,1
2,Agent_3,BUY,5.0,"The market showed a significant price increase from $100.00 to $101.75 in the last two rounds, indicating a potential upward trend. With the current volatility at 1.00%, a small position can be taken to benefit from further potential price increases while keeping risk manageable.",101.74503533175738,101.59775627794191,-0.5087251766587869,5.0,-0.5087251766587869,1
2,Agent_4,BUY,10.0,"The price has increased from $100.00 to $101.75, indicating an upward trend and potential for profit. Current volatility is moderate, allowing for a strategic entry with a controlled risk. Initiating a position to capitalize on potential further price increases.",101.74503533175738,101.59775627794191,-1.0174503533175738,10.0,-1.0174503533175738,1
2,Agent_5,BUY,5.0,"The price has increased from $100.00 to $101.75, suggesting upward momentum. Volatility is moderate at 1.00%, providing a reasonable opportunity to accumulate a position and capitalize on potential further price increases.",101.74503533175738,101.59775627794191,-0.5087251766587869,5.0,-0.5087251766587869,1
3,Agent_1,HOLD,0.0,"The market is currently stable with minimal price movement. Holding the current position allows us to observe further price developments without incurring additional market impact or risk. Given the recent volatility of 1.00%, the current market conditions do not suggest any immediate advantage to altering our position.",101.59775627794191,101.5023467275993,-0.4770477517130445,5.0,-0.9857729283718314,1
3,Agent_2,HOLD,0.0,The market is currently stable with low volatility and no significant price changes. Holding will prevent further losses while monitoring for future opportunities.,101.59775627794191,101.5023467275993,-0.4770477517130445,5.0,-1.713443020790379,1
3,Agent_3,HOLD,0.0,"The market shows a slight recovery from the recent price drop, with current volatility at 1.00%. Holding the position allows for observing further price trends and minimizes additional market impact. Current P&L is negative, suggesting caution before making new trades.",101.59775627794191,101.5023467275993,-0.4770477517130445,5.0,-0.9857729283718314,1
3,Agent_4,HOLD,0.0,"The market has shown a small decline in price from $101.75 to $101.60 with low volatility, indicating a relatively stable market. Holding the current position allows us to avoid potential market impact from trading and observe market trends for better opportunities in future rounds.",101.59775627794191,101.5023467275993,-0.954095503426089,10.0,-1.9715458567436628,1
3,Agent_5,HOLD,0.0,The market is currently stable with low volatility and the recent buy has already established a position. Holding maintains flexibility without increasing exposure while monitoring market reactions in subsequent rounds.,101.59775627794191,101.5023467275993,-0.4770477517130445,5.0,-0.9857729283718314,1
4,Agent_1,HOLD,0.0,"The market has shown minimal price change over recent rounds, suggesting low momentum. Current volatility is moderate, and holding a stable position minimizes further potential losses while allowing for future strategic adjustments as more data becomes available in subsequent rounds.",101.5023467275993,101.84836800291355,1.7301063765712144,5.0,0.744333448199383,1
4,Agent_2,SELL,2.5,"The market price has been stable recently, and volatility is low. To mitigate further losses and reduce exposure, it is prudent to sell a portion of the current position. This action also allows flexibility for future rounds if the price rebounds or drops significantly.",101.5023467275993,101.84836800291355,1.476350509752216,2.5,-0.23709251103816298,1
4,Agent_3,HOLD,0.0,"The market has shown stability in the last round with no price change, and my current position is already long. Given the recent volatility and negative P&L, it's prudent to hold and reassess in the next rounds to avoid further impacting the price unfavorably.",101.5023467275993,101.84836800291355,1.7301063765712144,5.0,0.744333448199383,1
4,Agent_4,HOLD,0.0,"The market price has been stable between $101.50 and $101.75 over the past three rounds, indicating a lack of strong directional movement. With recent volatility at 1.00% and my position already at 10 units, holding allows me to observe market developments without increasing exposure, especially given the negative P&L trend. It's prudent to wait for clearer signals before adjusting my position further.",101.5023467275993,101.84836800291355,3.4602127531424287,10.0,1.488666896398766,1
4,Agent_5,HOLD,0.0,"The market price has remained stable over the last two rounds, indicating a lack of strong directional movement. Given the recent volatility of 1.00% and my current position of 5.0 units, holding will help to minimize potential adverse market impact and allows observation of further price trends before making additional trades.",101.5023467275993,101.84836800291355,1.7301063765712144,5.0,0.744333448199383,1
5,Agent_1,HOLD,0.0,"The market price is currently stable, and there is no significant movement in price or volatility. Holding the position allows us to assess future market direction without influencing the price further in this round.",101.84836800291355,102.51196038915963,3.3179619312304,5.0,4.0622953794297825,1
5,Agent_2,SELL,2.5,"The market price has remained stable at $101.85 for the last round, and given the recent sell action led to profit, it's strategic to sell while the price is steady to potentially lock in gains and minimize exposure to future volatility. Additionally, reducing position size can help manage risk as we approach the final rounds.",101.84836800291355,102.51196038915963,1.4043600456079162,0.0,1.1672675345697532,1
5,Agent_3,HOLD,0.0,"The current position is already long 5.0 units, with the price unchanged from the last round. Given the recent stability in price and a moderate positive P&L, holding is prudent to avoid unnecessary market impact and observe further price developments.",101.84836800291355,102.51196038915963,3.3179619312304,5.0,4.0622953794297825,1
5,Agent_4,HOLD,0.0,"The market price is currently at $101.85, which is the same as the last round, and I have a long position of 10 units. Given the recent volatility of 1.00% and the fact that the price hasn't moved significantly, I will hold my position to avoid impacting the market price unnecessarily. Additionally, my recent profit from holding suggests maintaining my current strategy until there is a clearer market direction.",101.84836800291355,102.51196038915963,6.6359238624608,10.0,8.124590758859565,1
5,Agent_5,SELL,2.0,The current position is profitable given the entry at $101.60 and current price at $101.85. Selling 2 units will lock in some profit while maintaining a smaller position to benefit from potential further price increases in a volatile market.,101.84836800291355,102.51196038915963,3.1142651952245726,3.0,3.8585986434239556,1
6,Agent_1,HOLD,0.0,"The price has stabilized with minimal change over the last three rounds, and current volatility is low at 1.00%. Given our profitable position and the lack of clear directional movement, holding is optimal to reassess in the next round while protecting existing gains.",102.51196038915963,104.0493737760387,7.6870669343954035,5.0,11.749362313825186,1
6,Agent_2,HOLD,0.0,"The market price has stabilized at $102.51 across the last two rounds with minimal volatility. Given the slight profit accrued and neutral position, maintaining the current stance allows for assessing further market direction without incurring additional risk. Awaiting clearer price movement signals before engaging in further trades.",102.51196038915963,104.0493737760387,0.0,0.0,1.1672675345697532,1
6,Agent_3,SELL,2.5,"The price has been stable and slowly increasing over the last few rounds, and our current position is profitable. Selling half of our position can lock in some profits, reducing exposure to potential downside in the remaining rounds.",102.51196038915963,104.0493737760387,7.430787033422504,2.5,11.493082412852287,1
6,Agent_4,SELL,5.0,"The market price has increased over the last few rounds, and my position is currently profitable. With the current price higher than previous rounds, it's a good opportunity to lock in some profits and reduce exposure given we're past the halfway point of the game.",102.51196038915963,104.0493737760387,14.861574066845009,5.0,22.986164825704574,1
6,Agent_5,HOLD,0.0,"The market price is stable from the last round, and given recent profitable trades, holding the position with the current volatility level minimizes risk. Additionally, maintaining current P&L as the game approaches its later rounds is a strategic move to secure potential profits.",102.51196038915963,104.0493737760387,4.612240160637242,3.0,8.470838804061199,1
7,Agent_1,SELL,2.0,"With only a few rounds left and a profitable position, selling a portion to lock in gains and reduce exposure to potential adverse price movements is prudent. The recent price stability suggests a sell will not drastically affect the market, allowing for profit-taking without significant downside risk.",104.0493737760387,102.21804670965757,-9.364734079457753,3.0,2.384628234367433,1
7,Agent_2,SELL,2.5,"The price has risen significantly over the last few rounds, indicating potential overvaluation in the short term. Selling can capitalize on this upward movement before a possible correction, especially given the existing volatility and our profitable position from earlier sells.",104.0493737760387,102.21804670965757,-0.2601234344400968,-2.5,0.9071441001296564,1
7,Agent_3,HOLD,0.0,"The current market price is stable at $104.05 with recent volatility at 1.00%. Having already sold 2.5 units at this price in the previous round, a hold strategy is prudent to lock in current profits and reassess market direction in the final rounds without introducing further market impact.",104.0493737760387,102.21804670965757,-4.578317665952838,2.5,6.914764746899449,1
7,Agent_4,HOLD,0.0,"The market price has stabilized at $104.05, and our recent profitable position was closed at this price. Given the low volatility and our current P&L, holding is a prudent strategy to reassess market direction in the next round without impacting the price further.",104.0493737760387,102.21804670965757,-9.156635331905676,5.0,13.829529493798898,1
7,Agent_5,SELL,1.0,"The market has experienced a significant rise from $101.85 to $104.05 over the past three rounds, indicating a possible overbought scenario. By selling a portion of the current position, we can lock in profits while maintaining flexibility for future price movements.",104.0493737760387,102.21804670965757,-5.598030572919444,2.0,2.8728082311417547,1
8,Agent_1,HOLD,0.0,"The current price is stable compared to the previous round, indicating low volatility. With only two rounds remaining and the current position being 3.0 units, holding is a strategic choice to observe the market's direction before making further decisions. Previous trading resulted in losses; hence, minimizing action can help preserve P&L until a clearer trend emerges.",102.21804670965757,102.83974902572237,1.865106948194395,3.0,4.249735182561828,1
8,Agent_2,BUY,2.5,"The market price has decreased from $104.05 to $102.22, indicating potential support at this level. By buying back the 2.5 units, I can close my short position and lock in profits from the previous sell trades. This strategy also positions me to benefit if the price rebounds in the final rounds, while minimizing exposure to further downside risk.",102.21804670965757,102.83974902572237,-1.8098009069361396,0.0,-0.9026568068064832,1
8,Agent_3,HOLD,0.0,"The current price is stable around $102.22 with recent volatility at 1.00%. With only two rounds remaining, maintaining a neutral position allows for strategic flexibility to respond to any significant market movements in the final rounds.",102.21804670965757,102.83974902572237,1.5542557901619958,2.5,8.469020537061445,1
8,Agent_4,BUY,5.0,"The price has decreased from $104.05 to $102.22, indicating a potential buying opportunity if the market rebounds. With only two rounds remaining, increasing position with controlled risk could optimize P&L before the game ends. Recent volatility suggests manageable risk for this strategy.",102.21804670965757,102.83974902572237,2.597421346775704,10.0,16.4269508405746,1
8,Agent_5,BUY,1.0,"The market price has stabilized at $102.22 after a recent drop from $104.05. Given the current volatility, this may present a buying opportunity to average down the cost basis and potentially capitalize on a price rebound in the remaining rounds.",102.21804670965757,102.83974902572237,1.141186585419939,3.0,4.013994816561693,1
9,Agent_1,SELL,1.0,"With the market nearing the end of the game and my current position still holding 3.0 units, selling 1.0 unit helps to reduce exposure and lock in profits. Recent price stability suggests minimizing risk, especially given the mixed results from recent trades and potential market impact from other agents. This strategy aims to capitalize on current gains while preparing for potential further price drops.",102.83974902572237,104.10221002825405,3.684543258569317,2.0,7.934278441131145,1
9,Agent_2,HOLD,0.0,"The market is currently stable with recent price changes indicating consolidation around $102.84, and there is only one round left after this. Holding the current position minimizes exposure to further adverse price movements and potential losses given the current negative P&L and lack of clear trend direction.",102.83974902572237,104.10221002825405,0.0,0.0,-0.9026568068064832,1
9,Agent_3,SELL,2.5,"With one round left, locking in profits is prudent. Current position is profitable and volatility is low, reducing risk of adverse price movement. Exiting position reduces exposure before final round price uncertainty.",102.83974902572237,104.10221002825405,2.8990531337648937,0.0,11.368073670826337,1
9,Agent_4,HOLD,0.0,Volatility is low and the market price is stable with no significant trend. Holding current position to avoid unnecessary impact on final round P&L.,102.83974902572237,104.10221002825405,12.624610025316798,10.0,29.0515608658914,1
9,Agent_5,SELL,1.0,"The market price has remained stable at $102.84 for the last round, and the recent volatility is relatively low at 1.00%. With only one round remaining, taking profit on half of my position could lock in gains and reduce exposure to potential price drops in the final round, especially considering the price was lower at $102.22 just two rounds ago.",102.83974902572237,104.10221002825405,3.684543258569317,2.0,7.69853807513101,1
10,Agent_1,SELL,2.0,"With the final round approaching and the position still positive, capturing profits by selling the remaining position at the current price of $104.10 would maximize returns and avoid potential adverse price movements due to market impact from other agents. The recent increase in price suggests an opportunity to lock in gains.",104.10221002825405,106.47066269537142,4.528700914178226,0.0,12.462979355309372,1
10,Agent_2,SELL,2.5,"The market price has increased significantly from $102.22 to $104.10 over the last three rounds, indicating a potential overvaluation. Securing a profit by selling now might reduce the risk of market correction, especially since this is the last round and I currently hold no position.",104.10221002825405,106.47066269537142,-0.26025552507063515,-2.5,-1.1629123318771184,1
10,Agent_3,HOLD,0.0,"The final round is complete, and I have no open positions. Holding is prudent as it avoids any further risk, especially since the market price is the same as my last sell price, indicating no immediate arbitrage opportunity or volatility to exploit for additional profit.",104.10221002825405,106.47066269537142,0.0,0.0,11.368073670826337,1
10,Agent_4,SELL,10.0,"This is the final round, and the current price is the highest observed recently at $104.10. Selling now locks in the profit from the increase since buying the additional units at $102.84, maximizing the overall P&L for the game.",104.10221002825405,106.47066269537142,22.643504570891132,0.0,51.69506543678253,1
10,Agent_5,SELL,2.0,"The final round presents an opportunity to secure profits. The current price is at its highest in recent rounds, providing a favorable exit point. Selling now locks in gains and minimizes exposure to potential downside from market impact or volatility in a zero-sum game scenario.",104.10221002825405,106.47066269537142,4.528700914178226,0.0,12.227238989309235,1
