"generation","round_index","role_name","inventory","backlog","order_placed","order_received","shipment_received","shipment_sent_downstream","starting_balance","revenue","purchase_cost","holding_cost","backlog_cost","ending_balance","orchestrator_order","orchestrator_rationale","orders_in_transit_0","orders_in_transit_1","production_queue_0","production_queue_1","external_demand","profit_accumulated","llm_reported_inventory","llm_reported_backlog","llm_recent_demand_or_orders","llm_incoming_shipments","llm_last_order_placed","llm_confidence","llm_rationale","llm_risk_assessment","llm_expected_demand_next_round"
"1","0","Retailer","100","0","0","0","0","0","1000.0","0","0","0","0","1000.0","0","Initial state","0","0","0","0","15","1437.5","77","0","[7, 10, 14, 7, 8, 9, 7, 9, 8, 8, 4, 17, 8, 4, 12, 6, 10, 8, 10, 13]","[13]","10","0.9","To maintain sufficient inventory and cover expected demand while avoiding stockouts.","There is a risk of stockouts if demand spikes unexpectedly, but current inventory levels are adequate.","10"
"1","0","Wholesaler","100","0","0","0","0","0","1000.0","0","0","0","0","1000.0","0","Initial state","0","0","0","0","15","1360.0","77","0","[7, 10, 14, 7, 8, 9, 7, 9, 8, 8, 4, 17, 8, 4, 12, 6, 10, 8, 10, 13]","[13]","15","0.9","To maintain sufficient inventory and cover expected demand while considering backlog clearance.","Potential risk of stockouts if demand spikes unexpectedly; however, current inventory levels are healthy.","10"
"1","0","Distributor","100","0","0","0","0","0","1000.0","0","0","0","0","1000.0","0","Initial state","0","0","0","0","15","1360.0","65","0","[7, 10, 14, 7, 8, 9, 7, 9, 8, 8, 4, 17, 8, 4, 12, 6, 10, 8, 10, 13]","[12]","15","0.9","To maintain a buffer and cover expected demand while considering backlog clearance.","Potential risk of stockouts if demand spikes unexpectedly; however, current inventory is sufficient.","10"
"1","0","Factory","100","0","0","0","0","0","1000.0","0","0","0","0","1000.0","0","Initial state","0","0","0","0","15","873.0","0","19","[7, 10, 14, 7, 8, 9, 7, 9, 8, 8, 4, 17, 8, 4, 12, 6, 10, 8, 10, 13]","[19]","30","0.9","To clear backlog and meet expected demand, I will schedule production of 30 units.","High backlog may lead to stockouts if not addressed; however, production will help mitigate this risk.","10"
"1","1","Retailer","85","0","15","15","0","15","1000.0","75.0","37.5","0.0","0.0","1037.5","0","","0","0","0","0","14","1437.5","77","0","[7, 10, 14, 7, 8, 9, 7, 9, 8, 8, 4, 17, 8, 4, 12, 6, 10, 8, 10, 13]","[13]","10","0.9","To maintain sufficient inventory and cover expected demand while avoiding stockouts.","There is a risk of stockouts if demand spikes unexpectedly, but current inventory levels are adequate.","10"
"1","1","Wholesaler","85","0","15","15","0","15","1000.0","75.0","37.5","0.0","0.0","1037.5","0","","0","0","0","0","14","1360.0","77","0","[7, 10, 14, 7, 8, 9, 7, 9, 8, 8, 4, 17, 8, 4, 12, 6, 10, 8, 10, 13]","[13]","15","0.9","To maintain sufficient inventory and cover expected demand while considering backlog clearance.","Potential risk of stockouts if demand spikes unexpectedly; however, current inventory levels are healthy.","10"
"1","1","Distributor","85","0","15","15","0","15","1000.0","75.0","37.5","0.0","0.0","1037.5","0","","0","0","0","0","14","1360.0","65","0","[7, 10, 14, 7, 8, 9, 7, 9, 8, 8, 4, 17, 8, 4, 12, 6, 10, 8, 10, 13]","[12]","15","0.9","To maintain a buffer and cover expected demand while considering backlog clearance.","Potential risk of stockouts if demand spikes unexpectedly; however, current inventory is sufficient.","10"
"1","1","Factory","85","0","15","15","0","15","1000.0","75.0","22.5","0.0","0.0","1052.5","0","","0","0","0","0","14","873.0","0","19","[7, 10, 14, 7, 8, 9, 7, 9, 8, 8, 4, 17, 8, 4, 12, 6, 10, 8, 10, 13]","[19]","30","0.9","To clear backlog and meet expected demand, I will schedule production of 30 units.","High backlog may lead to stockouts if not addressed; however, production will help mitigate this risk.","10"
"1","2","Retailer","71","0","15","14","0","14","1037.5","70.0","37.5","0.0","0.0","1070.0","0","","0","0","0","0","12","1437.5","77","0","[7, 10, 14, 7, 8, 9, 7, 9, 8, 8, 4, 17, 8, 4, 12, 6, 10, 8, 10, 13]","[13]","10","0.9","To maintain sufficient inventory and cover expected demand while avoiding stockouts.","There is a risk of stockouts if demand spikes unexpectedly, but current inventory levels are adequate.","10"
"1","2","Wholesaler","71","0","15","14","0","14","1037.5","70.0","37.5","0.0","0.0","1070.0","0","","0","0","0","0","12","1360.0","77","0","[7, 10, 14, 7, 8, 9, 7, 9, 8, 8, 4, 17, 8, 4, 12, 6, 10, 8, 10, 13]","[13]","15","0.9","To maintain sufficient inventory and cover expected demand while considering backlog clearance.","Potential risk of stockouts if demand spikes unexpectedly; however, current inventory levels are healthy.","10"
"1","2","Distributor","71","0","15","14","0","14","1037.5","70.0","37.5","0.0","0.0","1070.0","0","","0","0","0","0","12","1360.0","65","0","[7, 10, 14, 7, 8, 9, 7, 9, 8, 8, 4, 17, 8, 4, 12, 6, 10, 8, 10, 13]","[12]","15","0.9","To maintain a buffer and cover expected demand while considering backlog clearance.","Potential risk of stockouts if demand spikes unexpectedly; however, current inventory is sufficient.","10"
"1","2","Factory","71","0","15","14","0","14","1052.5","70.0","22.5","0.0","0.0","1100.0","0","","0","0","0","0","12","873.0","0","19","[7, 10, 14, 7, 8, 9, 7, 9, 8, 8, 4, 17, 8, 4, 12, 6, 10, 8, 10, 13]","[19]","30","0.9","To clear backlog and meet expected demand, I will schedule production of 30 units.","High backlog may lead to stockouts if not addressed; however, production will help mitigate this risk.","10"
"1","3","Retailer","74","0","15","12","15","12","1070.0","60.0","37.5","0.0","0.0","1092.5","0","","0","0","0","0","9","1437.5","77","0","[7, 10, 14, 7, 8, 9, 7, 9, 8, 8, 4, 17, 8, 4, 12, 6, 10, 8, 10, 13]","[13]","10","0.9","To maintain sufficient inventory and cover expected demand while avoiding stockouts.","There is a risk of stockouts if demand spikes unexpectedly, but current inventory levels are adequate.","10"
"1","3","Wholesaler","74","0","15","12","15","12","1070.0","60.0","37.5","0.0","0.0","1092.5","0","","0","0","0","0","9","1360.0","77","0","[7, 10, 14, 7, 8, 9, 7, 9, 8, 8, 4, 17, 8, 4, 12, 6, 10, 8, 10, 13]","[13]","15","0.9","To maintain sufficient inventory and cover expected demand while considering backlog clearance.","Potential risk of stockouts if demand spikes unexpectedly; however, current inventory levels are healthy.","10"
"1","3","Distributor","74","0","15","12","15","12","1070.0","60.0","37.5","0.0","0.0","1092.5","0","","0","0","0","0","9","1360.0","65","0","[7, 10, 14, 7, 8, 9, 7, 9, 8, 8, 4, 17, 8, 4, 12, 6, 10, 8, 10, 13]","[12]","15","0.9","To maintain a buffer and cover expected demand while considering backlog clearance.","Potential risk of stockouts if demand spikes unexpectedly; however, current inventory is sufficient.","10"
"1","3","Factory","59","0","15","12","0","12","1100.0","60.0","22.5","0.0","0.0","1137.5","0","","0","0","0","0","9","873.0","0","19","[7, 10, 14, 7, 8, 9, 7, 9, 8, 8, 4, 17, 8, 4, 12, 6, 10, 8, 10, 13]","[19]","30","0.9","To clear backlog and meet expected demand, I will schedule production of 30 units.","High backlog may lead to stockouts if not addressed; however, production will help mitigate this risk.","10"
"1","4","Retailer","79","0","15","9","14","9","1092.5","45.0","37.5","0.0","0.0","1100.0","0","","0","0","0","0","17","1437.5","77","0","[7, 10, 14, 7, 8, 9, 7, 9, 8, 8, 4, 17, 8, 4, 12, 6, 10, 8, 10, 13]","[13]","10","0.9","To maintain sufficient inventory and cover expected demand while avoiding stockouts.","There is a risk of stockouts if demand spikes unexpectedly, but current inventory levels are adequate.","10"
"1","4","Wholesaler","79","0","15","9","14","9","1092.5","45.0","37.5","0.0","0.0","1100.0","0","","0","0","0","0","17","1360.0","77","0","[7, 10, 14, 7, 8, 9, 7, 9, 8, 8, 4, 17, 8, 4, 12, 6, 10, 8, 10, 13]","[13]","15","0.9","To maintain sufficient inventory and cover expected demand while considering backlog clearance.","Potential risk of stockouts if demand spikes unexpectedly; however, current inventory levels are healthy.","10"
"1","4","Distributor","79","0","15","9","14","9","1092.5","45.0","37.5","0.0","0.0","1100.0","0","","0","0","0","0","17","1360.0","65","0","[7, 10, 14, 7, 8, 9, 7, 9, 8, 8, 4, 17, 8, 4, 12, 6, 10, 8, 10, 13]","[12]","15","0.9","To maintain a buffer and cover expected demand while considering backlog clearance.","Potential risk of stockouts if demand spikes unexpectedly; however, current inventory is sufficient.","10"
"1","4","Factory","50","0","15","9","0","9","1137.5","45.0","22.5","0.0","0.0","1160.0","0","","0","0","0","0","17","873.0","0","19","[7, 10, 14, 7, 8, 9, 7, 9, 8, 8, 4, 17, 8, 4, 12, 6, 10, 8, 10, 13]","[19]","30","0.9","To clear backlog and meet expected demand, I will schedule production of 30 units.","High backlog may lead to stockouts if not addressed; however, production will help mitigate this risk.","10"
"1","5","Retailer","74","0","15","17","12","17","1100.0","85.0","37.5","0.0","0.0","1147.5","0","","0","0","0","0","11","1437.5","77","0","[7, 10, 14, 7, 8, 9, 7, 9, 8, 8, 4, 17, 8, 4, 12, 6, 10, 8, 10, 13]","[13]","10","0.9","To maintain sufficient inventory and cover expected demand while avoiding stockouts.","There is a risk of stockouts if demand spikes unexpectedly, but current inventory levels are adequate.","10"
"1","5","Wholesaler","74","0","15","17","12","17","1100.0","85.0","37.5","0.0","0.0","1147.5","0","","0","0","0","0","11","1360.0","77","0","[7, 10, 14, 7, 8, 9, 7, 9, 8, 8, 4, 17, 8, 4, 12, 6, 10, 8, 10, 13]","[13]","15","0.9","To maintain sufficient inventory and cover expected demand while considering backlog clearance.","Potential risk of stockouts if demand spikes unexpectedly; however, current inventory levels are healthy.","10"
"1","5","Distributor","74","0","15","17","12","17","1100.0","85.0","37.5","0.0","0.0","1147.5","0","","0","0","0","0","11","1360.0","65","0","[7, 10, 14, 7, 8, 9, 7, 9, 8, 8, 4, 17, 8, 4, 12, 6, 10, 8, 10, 13]","[12]","15","0.9","To maintain a buffer and cover expected demand while considering backlog clearance.","Potential risk of stockouts if demand spikes unexpectedly; however, current inventory is sufficient.","10"
"1","5","Factory","33","0","15","17","0","17","1160.0","85.0","22.5","0.0","0.0","1222.5","0","","0","0","0","0","11","873.0","0","19","[7, 10, 14, 7, 8, 9, 7, 9, 8, 8, 4, 17, 8, 4, 12, 6, 10, 8, 10, 13]","[19]","30","0.9","To clear backlog and meet expected demand, I will schedule production of 30 units.","High backlog may lead to stockouts if not addressed; however, production will help mitigate this risk.","10"
"1","6","Retailer","72","0","15","11","9","11","1147.5","55.0","37.5","0.0","0.0","1165.0","0","","0","0","0","0","5","1437.5","77","0","[7, 10, 14, 7, 8, 9, 7, 9, 8, 8, 4, 17, 8, 4, 12, 6, 10, 8, 10, 13]","[13]","10","0.9","To maintain sufficient inventory and cover expected demand while avoiding stockouts.","There is a risk of stockouts if demand spikes unexpectedly, but current inventory levels are adequate.","10"
"1","6","Wholesaler","72","0","15","11","9","11","1147.5","55.0","37.5","0.0","0.0","1165.0","0","","0","0","0","0","5","1360.0","77","0","[7, 10, 14, 7, 8, 9, 7, 9, 8, 8, 4, 17, 8, 4, 12, 6, 10, 8, 10, 13]","[13]","15","0.9","To maintain sufficient inventory and cover expected demand while considering backlog clearance.","Potential risk of stockouts if demand spikes unexpectedly; however, current inventory levels are healthy.","10"
"1","6","Distributor","72","0","15","11","9","11","1147.5","55.0","37.5","0.0","0.0","1165.0","0","","0","0","0","0","5","1360.0","65","0","[7, 10, 14, 7, 8, 9, 7, 9, 8, 8, 4, 17, 8, 4, 12, 6, 10, 8, 10, 13]","[12]","15","0.9","To maintain a buffer and cover expected demand while considering backlog clearance.","Potential risk of stockouts if demand spikes unexpectedly; however, current inventory is sufficient.","10"
"1","6","Factory","22","0","15","11","0","11","1222.5","55.0","22.5","0.0","0.0","1255.0","0","","0","0","0","0","5","873.0","0","19","[7, 10, 14, 7, 8, 9, 7, 9, 8, 8, 4, 17, 8, 4, 12, 6, 10, 8, 10, 13]","[19]","30","0.9","To clear backlog and meet expected demand, I will schedule production of 30 units.","High backlog may lead to stockouts if not addressed; however, production will help mitigate this risk.","10"
"1","7","Retailer","84","0","15","5","17","5","1165.0","25.0","37.5","0.0","0.0","1152.5","0","","0","0","0","0","6","1437.5","77","0","[7, 10, 14, 7, 8, 9, 7, 9, 8, 8, 4, 17, 8, 4, 12, 6, 10, 8, 10, 13]","[13]","10","0.9","To maintain sufficient inventory and cover expected demand while avoiding stockouts.","There is a risk of stockouts if demand spikes unexpectedly, but current inventory levels are adequate.","10"
"1","7","Wholesaler","84","0","15","5","17","5","1165.0","25.0","37.5","0.0","0.0","1152.5","0","","0","0","0","0","6","1360.0","77","0","[7, 10, 14, 7, 8, 9, 7, 9, 8, 8, 4, 17, 8, 4, 12, 6, 10, 8, 10, 13]","[13]","15","0.9","To maintain sufficient inventory and cover expected demand while considering backlog clearance.","Potential risk of stockouts if demand spikes unexpectedly; however, current inventory levels are healthy.","10"
"1","7","Distributor","84","0","15","5","17","5","1165.0","25.0","37.5","0.0","0.0","1152.5","0","","0","0","0","0","6","1360.0","65","0","[7, 10, 14, 7, 8, 9, 7, 9, 8, 8, 4, 17, 8, 4, 12, 6, 10, 8, 10, 13]","[12]","15","0.9","To maintain a buffer and cover expected demand while considering backlog clearance.","Potential risk of stockouts if demand spikes unexpectedly; however, current inventory is sufficient.","10"
"1","7","Factory","17","0","15","5","0","5","1255.0","25.0","22.5","0.0","0.0","1257.5","0","","0","0","0","0","6","873.0","0","19","[7, 10, 14, 7, 8, 9, 7, 9, 8, 8, 4, 17, 8, 4, 12, 6, 10, 8, 10, 13]","[19]","30","0.9","To clear backlog and meet expected demand, I will schedule production of 30 units.","High backlog may lead to stockouts if not addressed; however, production will help mitigate this risk.","10"
"1","8","Retailer","89","0","15","6","11","6","1152.5","30.0","37.5","0.0","0.0","1145.0","0","","0","0","0","0","10","1437.5","77","0","[7, 10, 14, 7, 8, 9, 7, 9, 8, 8, 4, 17, 8, 4, 12, 6, 10, 8, 10, 13]","[13]","10","0.9","To maintain sufficient inventory and cover expected demand while avoiding stockouts.","There is a risk of stockouts if demand spikes unexpectedly, but current inventory levels are adequate.","10"
"1","8","Wholesaler","89","0","15","6","11","6","1152.5","30.0","37.5","0.0","0.0","1145.0","0","","0","0","0","0","10","1360.0","77","0","[7, 10, 14, 7, 8, 9, 7, 9, 8, 8, 4, 17, 8, 4, 12, 6, 10, 8, 10, 13]","[13]","15","0.9","To maintain sufficient inventory and cover expected demand while considering backlog clearance.","Potential risk of stockouts if demand spikes unexpectedly; however, current inventory levels are healthy.","10"
"1","8","Distributor","89","0","15","6","11","6","1152.5","30.0","37.5","0.0","0.0","1145.0","0","","0","0","0","0","10","1360.0","65","0","[7, 10, 14, 7, 8, 9, 7, 9, 8, 8, 4, 17, 8, 4, 12, 6, 10, 8, 10, 13]","[12]","15","0.9","To maintain a buffer and cover expected demand while considering backlog clearance.","Potential risk of stockouts if demand spikes unexpectedly; however, current inventory is sufficient.","10"
"1","8","Factory","11","0","15","6","0","6","1257.5","30.0","22.5","0.0","0.0","1265.0","0","","0","0","0","0","10","873.0","0","19","[7, 10, 14, 7, 8, 9, 7, 9, 8, 8, 4, 17, 8, 4, 12, 6, 10, 8, 10, 13]","[19]","30","0.9","To clear backlog and meet expected demand, I will schedule production of 30 units.","High backlog may lead to stockouts if not addressed; however, production will help mitigate this risk.","10"
"1","9","Retailer","84","0","15","10","5","10","1145.0","50.0","37.5","0.0","0.0","1157.5","0","","0","0","0","0","5","1437.5","77","0","[7, 10, 14, 7, 8, 9, 7, 9, 8, 8, 4, 17, 8, 4, 12, 6, 10, 8, 10, 13]","[13]","10","0.9","To maintain sufficient inventory and cover expected demand while avoiding stockouts.","There is a risk of stockouts if demand spikes unexpectedly, but current inventory levels are adequate.","10"
"1","9","Wholesaler","84","0","15","10","5","10","1145.0","50.0","37.5","0.0","0.0","1157.5","0","","0","0","0","0","5","1360.0","77","0","[7, 10, 14, 7, 8, 9, 7, 9, 8, 8, 4, 17, 8, 4, 12, 6, 10, 8, 10, 13]","[13]","15","0.9","To maintain sufficient inventory and cover expected demand while considering backlog clearance.","Potential risk of stockouts if demand spikes unexpectedly; however, current inventory levels are healthy.","10"
"1","9","Distributor","84","0","15","10","5","10","1145.0","50.0","37.5","0.0","0.0","1157.5","0","","0","0","0","0","5","1360.0","65","0","[7, 10, 14, 7, 8, 9, 7, 9, 8, 8, 4, 17, 8, 4, 12, 6, 10, 8, 10, 13]","[12]","15","0.9","To maintain a buffer and cover expected demand while considering backlog clearance.","Potential risk of stockouts if demand spikes unexpectedly; however, current inventory is sufficient.","10"
"1","9","Factory","1","0","15","10","0","10","1265.0","50.0","22.5","0.0","0.0","1292.5","0","","0","0","0","0","5","873.0","0","19","[7, 10, 14, 7, 8, 9, 7, 9, 8, 8, 4, 17, 8, 4, 12, 6, 10, 8, 10, 13]","[19]","30","0.9","To clear backlog and meet expected demand, I will schedule production of 30 units.","High backlog may lead to stockouts if not addressed; however, production will help mitigate this risk.","10"
"1","10","Retailer","85","0","15","5","6","5","1157.5","25.0","37.5","0.0","0.0","1145.0","0","","0","0","0","0","12","1437.5","77","0","[7, 10, 14, 7, 8, 9, 7, 9, 8, 8, 4, 17, 8, 4, 12, 6, 10, 8, 10, 13]","[13]","10","0.9","To maintain sufficient inventory and cover expected demand while avoiding stockouts.","There is a risk of stockouts if demand spikes unexpectedly, but current inventory levels are adequate.","10"
"1","10","Wholesaler","85","0","15","5","6","5","1157.5","25.0","37.5","0.0","0.0","1145.0","0","","0","0","0","0","12","1360.0","77","0","[7, 10, 14, 7, 8, 9, 7, 9, 8, 8, 4, 17, 8, 4, 12, 6, 10, 8, 10, 13]","[13]","15","0.9","To maintain sufficient inventory and cover expected demand while considering backlog clearance.","Potential risk of stockouts if demand spikes unexpectedly; however, current inventory levels are healthy.","10"
"1","10","Distributor","85","0","15","5","6","5","1157.5","25.0","37.5","0.0","0.0","1145.0","0","","0","0","0","0","12","1360.0","65","0","[7, 10, 14, 7, 8, 9, 7, 9, 8, 8, 4, 17, 8, 4, 12, 6, 10, 8, 10, 13]","[12]","15","0.9","To maintain a buffer and cover expected demand while considering backlog clearance.","Potential risk of stockouts if demand spikes unexpectedly; however, current inventory is sufficient.","10"
"1","10","Factory","0","4","15","5","0","1","1292.5","5.0","22.5","0.0","10.0","1265.0","0","","0","0","0","0","12","873.0","0","19","[7, 10, 14, 7, 8, 9, 7, 9, 8, 8, 4, 17, 8, 4, 12, 6, 10, 8, 10, 13]","[19]","30","0.9","To clear backlog and meet expected demand, I will schedule production of 30 units.","High backlog may lead to stockouts if not addressed; however, production will help mitigate this risk.","10"
"1","11","Retailer","83","0","15","12","10","12","1145.0","60.0","37.5","0.0","0.0","1167.5","0","","0","0","0","0","17","1437.5","77","0","[7, 10, 14, 7, 8, 9, 7, 9, 8, 8, 4, 17, 8, 4, 12, 6, 10, 8, 10, 13]","[13]","10","0.9","To maintain sufficient inventory and cover expected demand while avoiding stockouts.","There is a risk of stockouts if demand spikes unexpectedly, but current inventory levels are adequate.","10"
"1","11","Wholesaler","83","0","15","12","10","12","1145.0","60.0","37.5","0.0","0.0","1167.5","0","","0","0","0","0","17","1360.0","77","0","[7, 10, 14, 7, 8, 9, 7, 9, 8, 8, 4, 17, 8, 4, 12, 6, 10, 8, 10, 13]","[13]","15","0.9","To maintain sufficient inventory and cover expected demand while considering backlog clearance.","Potential risk of stockouts if demand spikes unexpectedly; however, current inventory levels are healthy.","10"
"1","11","Distributor","83","0","15","12","10","12","1145.0","60.0","37.5","0.0","0.0","1167.5","0","","0","0","0","0","17","1360.0","65","0","[7, 10, 14, 7, 8, 9, 7, 9, 8, 8, 4, 17, 8, 4, 12, 6, 10, 8, 10, 13]","[12]","15","0.9","To maintain a buffer and cover expected demand while considering backlog clearance.","Potential risk of stockouts if demand spikes unexpectedly; however, current inventory is sufficient.","10"
"1","11","Factory","0","16","28","12","0","0","1265.0","0.0","42.0","0.0","40.0","1183.0","0","","0","0","0","0","17","873.0","0","19","[7, 10, 14, 7, 8, 9, 7, 9, 8, 8, 4, 17, 8, 4, 12, 6, 10, 8, 10, 13]","[19]","30","0.9","To clear backlog and meet expected demand, I will schedule production of 30 units.","High backlog may lead to stockouts if not addressed; however, production will help mitigate this risk.","10"
"1","12","Retailer","71","0","15","17","5","17","1167.5","85.0","37.5","0.0","0.0","1215.0","0","","0","0","0","0","7","1437.5","77","0","[7, 10, 14, 7, 8, 9, 7, 9, 8, 8, 4, 17, 8, 4, 12, 6, 10, 8, 10, 13]","[13]","10","0.9","To maintain sufficient inventory and cover expected demand while avoiding stockouts.","There is a risk of stockouts if demand spikes unexpectedly, but current inventory levels are adequate.","10"
"1","12","Wholesaler","71","0","15","17","5","17","1167.5","85.0","37.5","0.0","0.0","1215.0","0","","0","0","0","0","7","1360.0","77","0","[7, 10, 14, 7, 8, 9, 7, 9, 8, 8, 4, 17, 8, 4, 12, 6, 10, 8, 10, 13]","[13]","15","0.9","To maintain sufficient inventory and cover expected demand while considering backlog clearance.","Potential risk of stockouts if demand spikes unexpectedly; however, current inventory levels are healthy.","10"
"1","12","Distributor","67","0","15","17","1","17","1167.5","85.0","37.5","0.0","0.0","1215.0","0","","0","0","0","0","7","1360.0","65","0","[7, 10, 14, 7, 8, 9, 7, 9, 8, 8, 4, 17, 8, 4, 12, 6, 10, 8, 10, 13]","[12]","15","0.9","To maintain a buffer and cover expected demand while considering backlog clearance.","Potential risk of stockouts if demand spikes unexpectedly; however, current inventory is sufficient.","10"
"1","12","Factory","0","29","44","17","4","4","1183.0","20.0","66.0","0.0","72.5","1064.5","0","","0","0","0","0","7","873.0","0","19","[7, 10, 14, 7, 8, 9, 7, 9, 8, 8, 4, 17, 8, 4, 12, 6, 10, 8, 10, 13]","[19]","30","0.9","To clear backlog and meet expected demand, I will schedule production of 30 units.","High backlog may lead to stockouts if not addressed; however, production will help mitigate this risk.","10"
"1","13","Retailer","76","0","15","7","12","7","1215.0","35.0","37.5","0.0","0.0","1212.5","0","","0","0","0","0","10","1437.5","77","0","[7, 10, 14, 7, 8, 9, 7, 9, 8, 8, 4, 17, 8, 4, 12, 6, 10, 8, 10, 13]","[13]","10","0.9","To maintain sufficient inventory and cover expected demand while avoiding stockouts.","There is a risk of stockouts if demand spikes unexpectedly, but current inventory levels are adequate.","10"
"1","13","Wholesaler","76","0","15","7","12","7","1215.0","35.0","37.5","0.0","0.0","1212.5","0","","0","0","0","0","10","1360.0","77","0","[7, 10, 14, 7, 8, 9, 7, 9, 8, 8, 4, 17, 8, 4, 12, 6, 10, 8, 10, 13]","[13]","15","0.9","To maintain sufficient inventory and cover expected demand while considering backlog clearance.","Potential risk of stockouts if demand spikes unexpectedly; however, current inventory levels are healthy.","10"
"1","13","Distributor","60","0","15","7","0","7","1215.0","35.0","37.5","0.0","0.0","1212.5","0","","0","0","0","0","10","1360.0","65","0","[7, 10, 14, 7, 8, 9, 7, 9, 8, 8, 4, 17, 8, 4, 12, 6, 10, 8, 10, 13]","[12]","15","0.9","To maintain a buffer and cover expected demand while considering backlog clearance.","Potential risk of stockouts if demand spikes unexpectedly; however, current inventory is sufficient.","10"
"1","13","Factory","0","20","35","7","16","16","1064.5","80.0","52.5","0.0","50.0","1042.0","0","","0","0","0","0","10","873.0","0","19","[7, 10, 14, 7, 8, 9, 7, 9, 8, 8, 4, 17, 8, 4, 12, 6, 10, 8, 10, 13]","[19]","30","0.9","To clear backlog and meet expected demand, I will schedule production of 30 units.","High backlog may lead to stockouts if not addressed; however, production will help mitigate this risk.","10"
"1","14","Retailer","83","0","10","10","17","10","1212.5","50.0","25.0","0.0","0.0","1237.5","0","","0","0","0","0","14","1437.5","77","0","[7, 10, 14, 7, 8, 9, 7, 9, 8, 8, 4, 17, 8, 4, 12, 6, 10, 8, 10, 13]","[13]","10","0.9","To maintain sufficient inventory and cover expected demand while avoiding stockouts.","There is a risk of stockouts if demand spikes unexpectedly, but current inventory levels are adequate.","10"
"1","14","Wholesaler","83","0","15","10","17","10","1212.5","50.0","37.5","0.0","0.0","1225.0","0","","0","0","0","0","14","1360.0","77","0","[7, 10, 14, 7, 8, 9, 7, 9, 8, 8, 4, 17, 8, 4, 12, 6, 10, 8, 10, 13]","[13]","15","0.9","To maintain sufficient inventory and cover expected demand while considering backlog clearance.","Potential risk of stockouts if demand spikes unexpectedly; however, current inventory levels are healthy.","10"
"1","14","Distributor","54","0","15","10","4","10","1212.5","50.0","37.5","0.0","0.0","1225.0","0","","0","0","0","0","14","1360.0","65","0","[7, 10, 14, 7, 8, 9, 7, 9, 8, 8, 4, 17, 8, 4, 12, 6, 10, 8, 10, 13]","[12]","15","0.9","To maintain a buffer and cover expected demand while considering backlog clearance.","Potential risk of stockouts if demand spikes unexpectedly; however, current inventory is sufficient.","10"
"1","14","Factory","0","1","15","10","29","29","1042.0","145.0","22.5","0.0","2.5","1162.0","0","","0","0","0","0","14","873.0","0","19","[7, 10, 14, 7, 8, 9, 7, 9, 8, 8, 4, 17, 8, 4, 12, 6, 10, 8, 10, 13]","[19]","30","0.9","To clear backlog and meet expected demand, I will schedule production of 30 units.","High backlog may lead to stockouts if not addressed; however, production will help mitigate this risk.","10"
"1","15","Retailer","76","0","14","14","7","14","1237.5","70.0","35.0","0.0","0.0","1272.5","0","","0","0","0","0","7","1437.5","77","0","[7, 10, 14, 7, 8, 9, 7, 9, 8, 8, 4, 17, 8, 4, 12, 6, 10, 8, 10, 13]","[13]","10","0.9","To maintain sufficient inventory and cover expected demand while avoiding stockouts.","There is a risk of stockouts if demand spikes unexpectedly, but current inventory levels are adequate.","10"
"1","15","Wholesaler","76","0","15","14","7","14","1225.0","70.0","37.5","0.0","0.0","1257.5","0","","0","0","0","0","7","1360.0","77","0","[7, 10, 14, 7, 8, 9, 7, 9, 8, 8, 4, 17, 8, 4, 12, 6, 10, 8, 10, 13]","[13]","15","0.9","To maintain sufficient inventory and cover expected demand while considering backlog clearance.","Potential risk of stockouts if demand spikes unexpectedly; however, current inventory levels are healthy.","10"
"1","15","Distributor","56","0","15","14","16","14","1225.0","70.0","37.5","0.0","0.0","1257.5","0","","0","0","0","0","7","1360.0","65","0","[7, 10, 14, 7, 8, 9, 7, 9, 8, 8, 4, 17, 8, 4, 12, 6, 10, 8, 10, 13]","[12]","15","0.9","To maintain a buffer and cover expected demand while considering backlog clearance.","Potential risk of stockouts if demand spikes unexpectedly; however, current inventory is sufficient.","10"
"1","15","Factory","5","0","15","14","20","15","1162.0","75.0","22.5","0.0","0.0","1214.5","0","","0","0","0","0","7","873.0","0","19","[7, 10, 14, 7, 8, 9, 7, 9, 8, 8, 4, 17, 8, 4, 12, 6, 10, 8, 10, 13]","[19]","30","0.9","To clear backlog and meet expected demand, I will schedule production of 30 units.","High backlog may lead to stockouts if not addressed; however, production will help mitigate this risk.","10"
"1","16","Retailer","79","0","15","7","10","7","1272.5","35.0","37.5","0.0","0.0","1270.0","0","","0","0","0","0","8","1437.5","77","0","[7, 10, 14, 7, 8, 9, 7, 9, 8, 8, 4, 17, 8, 4, 12, 6, 10, 8, 10, 13]","[13]","10","0.9","To maintain sufficient inventory and cover expected demand while avoiding stockouts.","There is a risk of stockouts if demand spikes unexpectedly, but current inventory levels are adequate.","10"
"1","16","Wholesaler","79","0","15","7","10","7","1257.5","35.0","37.5","0.0","0.0","1255.0","0","","0","0","0","0","8","1360.0","77","0","[7, 10, 14, 7, 8, 9, 7, 9, 8, 8, 4, 17, 8, 4, 12, 6, 10, 8, 10, 13]","[13]","15","0.9","To maintain sufficient inventory and cover expected demand while considering backlog clearance.","Potential risk of stockouts if demand spikes unexpectedly; however, current inventory levels are healthy.","10"
"1","16","Distributor","78","0","15","7","29","7","1257.5","35.0","37.5","0.0","0.0","1255.0","0","","0","0","0","0","8","1360.0","65","0","[7, 10, 14, 7, 8, 9, 7, 9, 8, 8, 4, 17, 8, 4, 12, 6, 10, 8, 10, 13]","[12]","15","0.9","To maintain a buffer and cover expected demand while considering backlog clearance.","Potential risk of stockouts if demand spikes unexpectedly; however, current inventory is sufficient.","10"
"1","16","Factory","0","1","15","7","1","6","1214.5","30.0","22.5","0.0","2.5","1219.5","0","","0","0","0","0","8","873.0","0","19","[7, 10, 14, 7, 8, 9, 7, 9, 8, 8, 4, 17, 8, 4, 12, 6, 10, 8, 10, 13]","[19]","30","0.9","To clear backlog and meet expected demand, I will schedule production of 30 units.","High backlog may lead to stockouts if not addressed; however, production will help mitigate this risk.","10"
"1","17","Retailer","85","0","15","8","14","8","1270.0","40.0","37.5","0.0","0.0","1272.5","0","","0","0","0","0","9","1437.5","77","0","[7, 10, 14, 7, 8, 9, 7, 9, 8, 8, 4, 17, 8, 4, 12, 6, 10, 8, 10, 13]","[13]","10","0.9","To maintain sufficient inventory and cover expected demand while avoiding stockouts.","There is a risk of stockouts if demand spikes unexpectedly, but current inventory levels are adequate.","10"
"1","17","Wholesaler","85","0","15","8","14","8","1255.0","40.0","37.5","0.0","0.0","1257.5","0","","0","0","0","0","9","1360.0","77","0","[7, 10, 14, 7, 8, 9, 7, 9, 8, 8, 4, 17, 8, 4, 12, 6, 10, 8, 10, 13]","[13]","15","0.9","To maintain sufficient inventory and cover expected demand while considering backlog clearance.","Potential risk of stockouts if demand spikes unexpectedly; however, current inventory levels are healthy.","10"
"1","17","Distributor","85","0","15","8","15","8","1255.0","40.0","37.5","0.0","0.0","1257.5","0","","0","0","0","0","9","1360.0","65","0","[7, 10, 14, 7, 8, 9, 7, 9, 8, 8, 4, 17, 8, 4, 12, 6, 10, 8, 10, 13]","[12]","15","0.9","To maintain a buffer and cover expected demand while considering backlog clearance.","Potential risk of stockouts if demand spikes unexpectedly; however, current inventory is sufficient.","10"
"1","17","Factory","0","9","20","8","0","0","1219.5","0.0","30.0","0.0","22.5","1167.0","0","","0","0","0","0","9","873.0","0","19","[7, 10, 14, 7, 8, 9, 7, 9, 8, 8, 4, 17, 8, 4, 12, 6, 10, 8, 10, 13]","[19]","30","0.9","To clear backlog and meet expected demand, I will schedule production of 30 units.","High backlog may lead to stockouts if not addressed; however, production will help mitigate this risk.","10"
"1","18","Retailer","83","0","15","9","7","9","1272.5","45.0","37.5","0.0","0.0","1280.0","0","","0","0","0","0","7","1437.5","77","0","[7, 10, 14, 7, 8, 9, 7, 9, 8, 8, 4, 17, 8, 4, 12, 6, 10, 8, 10, 13]","[13]","10","0.9","To maintain sufficient inventory and cover expected demand while avoiding stockouts.","There is a risk of stockouts if demand spikes unexpectedly, but current inventory levels are adequate.","10"
"1","18","Wholesaler","83","0","15","9","7","9","1257.5","45.0","37.5","0.0","0.0","1265.0","0","","0","0","0","0","7","1360.0","77","0","[7, 10, 14, 7, 8, 9, 7, 9, 8, 8, 4, 17, 8, 4, 12, 6, 10, 8, 10, 13]","[13]","15","0.9","To maintain sufficient inventory and cover expected demand while considering backlog clearance.","Potential risk of stockouts if demand spikes unexpectedly; however, current inventory levels are healthy.","10"
"1","18","Distributor","82","0","15","9","6","9","1257.5","45.0","37.5","0.0","0.0","1265.0","0","","0","0","0","0","7","1360.0","65","0","[7, 10, 14, 7, 8, 9, 7, 9, 8, 8, 4, 17, 8, 4, 12, 6, 10, 8, 10, 13]","[12]","15","0.9","To maintain a buffer and cover expected demand while considering backlog clearance.","Potential risk of stockouts if demand spikes unexpectedly; however, current inventory is sufficient.","10"
"1","18","Factory","0","17","30","9","1","1","1167.0","5.0","45.0","0.0","42.5","1084.5","0","","0","0","0","0","7","873.0","0","19","[7, 10, 14, 7, 8, 9, 7, 9, 8, 8, 4, 17, 8, 4, 12, 6, 10, 8, 10, 13]","[19]","30","0.9","To clear backlog and meet expected demand, I will schedule production of 30 units.","High backlog may lead to stockouts if not addressed; however, production will help mitigate this risk.","10"
"1","19","Retailer","84","0","15","7","8","7","1280.0","35.0","37.5","0.0","0.0","1277.5","0","","0","0","0","0","9","1437.5","77","0","[7, 10, 14, 7, 8, 9, 7, 9, 8, 8, 4, 17, 8, 4, 12, 6, 10, 8, 10, 13]","[13]","10","0.9","To maintain sufficient inventory and cover expected demand while avoiding stockouts.","There is a risk of stockouts if demand spikes unexpectedly, but current inventory levels are adequate.","10"
"1","19","Wholesaler","84","0","15","7","8","7","1265.0","35.0","37.5","0.0","0.0","1262.5","0","","0","0","0","0","9","1360.0","77","0","[7, 10, 14, 7, 8, 9, 7, 9, 8, 8, 4, 17, 8, 4, 12, 6, 10, 8, 10, 13]","[13]","15","0.9","To maintain sufficient inventory and cover expected demand while considering backlog clearance.","Potential risk of stockouts if demand spikes unexpectedly; however, current inventory levels are healthy.","10"
"1","19","Distributor","75","0","15","7","0","7","1265.0","35.0","37.5","0.0","0.0","1262.5","0","","0","0","0","0","9","1360.0","65","0","[7, 10, 14, 7, 8, 9, 7, 9, 8, 8, 4, 17, 8, 4, 12, 6, 10, 8, 10, 13]","[12]","15","0.9","To maintain a buffer and cover expected demand while considering backlog clearance.","Potential risk of stockouts if demand spikes unexpectedly; however, current inventory is sufficient.","10"
"1","19","Factory","0","15","30","7","9","9","1084.5","45.0","45.0","0.0","37.5","1047.0","0","","0","0","0","0","9","873.0","0","19","[7, 10, 14, 7, 8, 9, 7, 9, 8, 8, 4, 17, 8, 4, 12, 6, 10, 8, 10, 13]","[19]","30","0.9","To clear backlog and meet expected demand, I will schedule production of 30 units.","High backlog may lead to stockouts if not addressed; however, production will help mitigate this risk.","10"
"1","20","Retailer","84","0","15","9","9","9","1277.5","45.0","37.5","0.0","0.0","1285.0","0","","0","0","0","0","8","1437.5","77","0","[7, 10, 14, 7, 8, 9, 7, 9, 8, 8, 4, 17, 8, 4, 12, 6, 10, 8, 10, 13]","[13]","10","0.9","To maintain sufficient inventory and cover expected demand while avoiding stockouts.","There is a risk of stockouts if demand spikes unexpectedly, but current inventory levels are adequate.","10"
"1","20","Wholesaler","84","0","15","9","9","9","1262.5","45.0","37.5","0.0","0.0","1270.0","0","","0","0","0","0","8","1360.0","77","0","[7, 10, 14, 7, 8, 9, 7, 9, 8, 8, 4, 17, 8, 4, 12, 6, 10, 8, 10, 13]","[13]","15","0.9","To maintain sufficient inventory and cover expected demand while considering backlog clearance.","Potential risk of stockouts if demand spikes unexpectedly; however, current inventory levels are healthy.","10"
"1","20","Distributor","67","0","15","9","1","9","1262.5","45.0","37.5","0.0","0.0","1270.0","0","","0","0","0","0","8","1360.0","65","0","[7, 10, 14, 7, 8, 9, 7, 9, 8, 8, 4, 17, 8, 4, 12, 6, 10, 8, 10, 13]","[12]","15","0.9","To maintain a buffer and cover expected demand while considering backlog clearance.","Potential risk of stockouts if demand spikes unexpectedly; however, current inventory is sufficient.","10"
"1","20","Factory","0","7","30","9","17","17","1047.0","85.0","45.0","0.0","17.5","1069.5","0","","0","0","0","0","8","873.0","0","19","[7, 10, 14, 7, 8, 9, 7, 9, 8, 8, 4, 17, 8, 4, 12, 6, 10, 8, 10, 13]","[19]","30","0.9","To clear backlog and meet expected demand, I will schedule production of 30 units.","High backlog may lead to stockouts if not addressed; however, production will help mitigate this risk.","10"
"1","21","Retailer","83","0","15","8","7","8","1285.0","40.0","37.5","0.0","0.0","1287.5","0","","0","0","0","0","8","1437.5","77","0","[7, 10, 14, 7, 8, 9, 7, 9, 8, 8, 4, 17, 8, 4, 12, 6, 10, 8, 10, 13]","[13]","10","0.9","To maintain sufficient inventory and cover expected demand while avoiding stockouts.","There is a risk of stockouts if demand spikes unexpectedly, but current inventory levels are adequate.","10"
"1","21","Wholesaler","83","0","15","8","7","8","1270.0","40.0","37.5","0.0","0.0","1272.5","0","","0","0","0","0","8","1360.0","77","0","[7, 10, 14, 7, 8, 9, 7, 9, 8, 8, 4, 17, 8, 4, 12, 6, 10, 8, 10, 13]","[13]","15","0.9","To maintain sufficient inventory and cover expected demand while considering backlog clearance.","Potential risk of stockouts if demand spikes unexpectedly; however, current inventory levels are healthy.","10"
"1","21","Distributor","68","0","15","8","9","8","1270.0","40.0","37.5","0.0","0.0","1272.5","0","","0","0","0","0","8","1360.0","65","0","[7, 10, 14, 7, 8, 9, 7, 9, 8, 8, 4, 17, 8, 4, 12, 6, 10, 8, 10, 13]","[12]","15","0.9","To maintain a buffer and cover expected demand while considering backlog clearance.","Potential risk of stockouts if demand spikes unexpectedly; however, current inventory is sufficient.","10"
"1","21","Factory","0","0","30","8","15","15","1069.5","75.0","45.0","0.0","0.0","1099.5","0","","0","0","0","0","8","873.0","0","19","[7, 10, 14, 7, 8, 9, 7, 9, 8, 8, 4, 17, 8, 4, 12, 6, 10, 8, 10, 13]","[19]","30","0.9","To clear backlog and meet expected demand, I will schedule production of 30 units.","High backlog may lead to stockouts if not addressed; however, production will help mitigate this risk.","10"
"1","22","Retailer","84","0","15","8","9","8","1287.5","40.0","37.5","0.0","0.0","1290.0","0","","0","0","0","0","4","1437.5","77","0","[7, 10, 14, 7, 8, 9, 7, 9, 8, 8, 4, 17, 8, 4, 12, 6, 10, 8, 10, 13]","[13]","10","0.9","To maintain sufficient inventory and cover expected demand while avoiding stockouts.","There is a risk of stockouts if demand spikes unexpectedly, but current inventory levels are adequate.","10"
"1","22","Wholesaler","84","0","15","8","9","8","1272.5","40.0","37.5","0.0","0.0","1275.0","0","","0","0","0","0","4","1360.0","77","0","[7, 10, 14, 7, 8, 9, 7, 9, 8, 8, 4, 17, 8, 4, 12, 6, 10, 8, 10, 13]","[13]","15","0.9","To maintain sufficient inventory and cover expected demand while considering backlog clearance.","Potential risk of stockouts if demand spikes unexpectedly; however, current inventory levels are healthy.","10"
"1","22","Distributor","77","0","15","8","17","8","1272.5","40.0","37.5","0.0","0.0","1275.0","0","","0","0","0","0","4","1360.0","65","0","[7, 10, 14, 7, 8, 9, 7, 9, 8, 8, 4, 17, 8, 4, 12, 6, 10, 8, 10, 13]","[12]","15","0.9","To maintain a buffer and cover expected demand while considering backlog clearance.","Potential risk of stockouts if demand spikes unexpectedly; however, current inventory is sufficient.","10"
"1","22","Factory","0","1","15","8","7","7","1099.5","35.0","22.5","0.0","2.5","1109.5","0","","0","0","0","0","4","873.0","0","19","[7, 10, 14, 7, 8, 9, 7, 9, 8, 8, 4, 17, 8, 4, 12, 6, 10, 8, 10, 13]","[19]","30","0.9","To clear backlog and meet expected demand, I will schedule production of 30 units.","High backlog may lead to stockouts if not addressed; however, production will help mitigate this risk.","10"
"1","23","Retailer","88","0","15","4","8","4","1290.0","20.0","37.5","0.0","0.0","1272.5","0","","0","0","0","0","17","1437.5","77","0","[7, 10, 14, 7, 8, 9, 7, 9, 8, 8, 4, 17, 8, 4, 12, 6, 10, 8, 10, 13]","[13]","10","0.9","To maintain sufficient inventory and cover expected demand while avoiding stockouts.","There is a risk of stockouts if demand spikes unexpectedly, but current inventory levels are adequate.","10"
"1","23","Wholesaler","88","0","15","4","8","4","1275.0","20.0","37.5","0.0","0.0","1257.5","0","","0","0","0","0","17","1360.0","77","0","[7, 10, 14, 7, 8, 9, 7, 9, 8, 8, 4, 17, 8, 4, 12, 6, 10, 8, 10, 13]","[13]","15","0.9","To maintain sufficient inventory and cover expected demand while considering backlog clearance.","Potential risk of stockouts if demand spikes unexpectedly; however, current inventory levels are healthy.","10"
"1","23","Distributor","88","0","15","4","15","4","1275.0","20.0","37.5","0.0","0.0","1257.5","0","","0","0","0","0","17","1360.0","65","0","[7, 10, 14, 7, 8, 9, 7, 9, 8, 8, 4, 17, 8, 4, 12, 6, 10, 8, 10, 13]","[12]","15","0.9","To maintain a buffer and cover expected demand while considering backlog clearance.","Potential risk of stockouts if demand spikes unexpectedly; however, current inventory is sufficient.","10"
"1","23","Factory","0","5","20","4","0","0","1109.5","0.0","30.0","0.0","12.5","1067.0","0","","0","0","0","0","17","873.0","0","19","[7, 10, 14, 7, 8, 9, 7, 9, 8, 8, 4, 17, 8, 4, 12, 6, 10, 8, 10, 13]","[19]","30","0.9","To clear backlog and meet expected demand, I will schedule production of 30 units.","High backlog may lead to stockouts if not addressed; however, production will help mitigate this risk.","10"
"1","24","Retailer","79","0","15","17","8","17","1272.5","85.0","37.5","0.0","0.0","1320.0","0","","0","0","0","0","8","1437.5","77","0","[7, 10, 14, 7, 8, 9, 7, 9, 8, 8, 4, 17, 8, 4, 12, 6, 10, 8, 10, 13]","[13]","10","0.9","To maintain sufficient inventory and cover expected demand while avoiding stockouts.","There is a risk of stockouts if demand spikes unexpectedly, but current inventory levels are adequate.","10"
"1","24","Wholesaler","79","0","15","17","8","17","1257.5","85.0","37.5","0.0","0.0","1305.0","0","","0","0","0","0","8","1360.0","77","0","[7, 10, 14, 7, 8, 9, 7, 9, 8, 8, 4, 17, 8, 4, 12, 6, 10, 8, 10, 13]","[13]","15","0.9","To maintain sufficient inventory and cover expected demand while considering backlog clearance.","Potential risk of stockouts if demand spikes unexpectedly; however, current inventory levels are healthy.","10"
"1","24","Distributor","78","0","15","17","7","17","1257.5","85.0","37.5","0.0","0.0","1305.0","0","","0","0","0","0","8","1360.0","65","0","[7, 10, 14, 7, 8, 9, 7, 9, 8, 8, 4, 17, 8, 4, 12, 6, 10, 8, 10, 13]","[12]","15","0.9","To maintain a buffer and cover expected demand while considering backlog clearance.","Potential risk of stockouts if demand spikes unexpectedly; however, current inventory is sufficient.","10"
"1","24","Factory","0","21","31","17","1","1","1067.0","5.0","46.5","0.0","52.5","973.0","0","","0","0","0","0","8","873.0","0","19","[7, 10, 14, 7, 8, 9, 7, 9, 8, 8, 4, 17, 8, 4, 12, 6, 10, 8, 10, 13]","[19]","30","0.9","To clear backlog and meet expected demand, I will schedule production of 30 units.","High backlog may lead to stockouts if not addressed; however, production will help mitigate this risk.","10"
"1","25","Retailer","75","0","15","8","4","8","1320.0","40.0","37.5","0.0","0.0","1322.5","0","","0","0","0","0","4","1437.5","77","0","[7, 10, 14, 7, 8, 9, 7, 9, 8, 8, 4, 17, 8, 4, 12, 6, 10, 8, 10, 13]","[13]","10","0.9","To maintain sufficient inventory and cover expected demand while avoiding stockouts.","There is a risk of stockouts if demand spikes unexpectedly, but current inventory levels are adequate.","10"
"1","25","Wholesaler","75","0","15","8","4","8","1305.0","40.0","37.5","0.0","0.0","1307.5","0","","0","0","0","0","4","1360.0","77","0","[7, 10, 14, 7, 8, 9, 7, 9, 8, 8, 4, 17, 8, 4, 12, 6, 10, 8, 10, 13]","[13]","15","0.9","To maintain sufficient inventory and cover expected demand while considering backlog clearance.","Potential risk of stockouts if demand spikes unexpectedly; however, current inventory levels are healthy.","10"
"1","25","Distributor","70","0","15","8","0","8","1305.0","40.0","37.5","0.0","0.0","1307.5","0","","0","0","0","0","4","1360.0","65","0","[7, 10, 14, 7, 8, 9, 7, 9, 8, 8, 4, 17, 8, 4, 12, 6, 10, 8, 10, 13]","[12]","15","0.9","To maintain a buffer and cover expected demand while considering backlog clearance.","Potential risk of stockouts if demand spikes unexpectedly; however, current inventory is sufficient.","10"
"1","25","Factory","0","24","30","8","5","5","973.0","25.0","45.0","0.0","60.0","893.0","0","","0","0","0","0","4","873.0","0","19","[7, 10, 14, 7, 8, 9, 7, 9, 8, 8, 4, 17, 8, 4, 12, 6, 10, 8, 10, 13]","[19]","30","0.9","To clear backlog and meet expected demand, I will schedule production of 30 units.","High backlog may lead to stockouts if not addressed; however, production will help mitigate this risk.","10"
"1","26","Retailer","88","0","15","4","17","4","1322.5","20.0","37.5","0.0","0.0","1305.0","0","","0","0","0","0","12","1437.5","77","0","[7, 10, 14, 7, 8, 9, 7, 9, 8, 8, 4, 17, 8, 4, 12, 6, 10, 8, 10, 13]","[13]","10","0.9","To maintain sufficient inventory and cover expected demand while avoiding stockouts.","There is a risk of stockouts if demand spikes unexpectedly, but current inventory levels are adequate.","10"
"1","26","Wholesaler","88","0","15","4","17","4","1307.5","20.0","37.5","0.0","0.0","1290.0","0","","0","0","0","0","12","1360.0","77","0","[7, 10, 14, 7, 8, 9, 7, 9, 8, 8, 4, 17, 8, 4, 12, 6, 10, 8, 10, 13]","[13]","15","0.9","To maintain sufficient inventory and cover expected demand while considering backlog clearance.","Potential risk of stockouts if demand spikes unexpectedly; however, current inventory levels are healthy.","10"
"1","26","Distributor","67","0","15","4","1","4","1307.5","20.0","37.5","0.0","0.0","1290.0","0","","0","0","0","0","12","1360.0","65","0","[7, 10, 14, 7, 8, 9, 7, 9, 8, 8, 4, 17, 8, 4, 12, 6, 10, 8, 10, 13]","[12]","15","0.9","To maintain a buffer and cover expected demand while considering backlog clearance.","Potential risk of stockouts if demand spikes unexpectedly; however, current inventory is sufficient.","10"
"1","26","Factory","0","7","15","4","21","21","893.0","105.0","22.5","0.0","17.5","958.0","0","","0","0","0","0","12","873.0","0","19","[7, 10, 14, 7, 8, 9, 7, 9, 8, 8, 4, 17, 8, 4, 12, 6, 10, 8, 10, 13]","[19]","30","0.9","To clear backlog and meet expected demand, I will schedule production of 30 units.","High backlog may lead to stockouts if not addressed; however, production will help mitigate this risk.","10"
"1","27","Retailer","84","0","15","12","8","12","1305.0","60.0","37.5","0.0","0.0","1327.5","0","","0","0","0","0","6","1437.5","77","0","[7, 10, 14, 7, 8, 9, 7, 9, 8, 8, 4, 17, 8, 4, 12, 6, 10, 8, 10, 13]","[13]","10","0.9","To maintain sufficient inventory and cover expected demand while avoiding stockouts.","There is a risk of stockouts if demand spikes unexpectedly, but current inventory levels are adequate.","10"
"1","27","Wholesaler","84","0","15","12","8","12","1290.0","60.0","37.5","0.0","0.0","1312.5","0","","0","0","0","0","6","1360.0","77","0","[7, 10, 14, 7, 8, 9, 7, 9, 8, 8, 4, 17, 8, 4, 12, 6, 10, 8, 10, 13]","[13]","15","0.9","To maintain sufficient inventory and cover expected demand while considering backlog clearance.","Potential risk of stockouts if demand spikes unexpectedly; however, current inventory levels are healthy.","10"
"1","27","Distributor","60","0","15","12","5","12","1290.0","60.0","37.5","0.0","0.0","1312.5","0","","0","0","0","0","6","1360.0","65","0","[7, 10, 14, 7, 8, 9, 7, 9, 8, 8, 4, 17, 8, 4, 12, 6, 10, 8, 10, 13]","[12]","15","0.9","To maintain a buffer and cover expected demand while considering backlog clearance.","Potential risk of stockouts if demand spikes unexpectedly; however, current inventory is sufficient.","10"
"1","27","Factory","5","0","15","12","24","19","958.0","95.0","22.5","0.0","0.0","1030.5","0","","0","0","0","0","6","873.0","0","19","[7, 10, 14, 7, 8, 9, 7, 9, 8, 8, 4, 17, 8, 4, 12, 6, 10, 8, 10, 13]","[19]","30","0.9","To clear backlog and meet expected demand, I will schedule production of 30 units.","High backlog may lead to stockouts if not addressed; however, production will help mitigate this risk.","10"
"1","28","Retailer","82","0","10","6","4","6","1327.5","30.0","25.0","0.0","0.0","1332.5","0","","0","0","0","0","10","1437.5","77","0","[7, 10, 14, 7, 8, 9, 7, 9, 8, 8, 4, 17, 8, 4, 12, 6, 10, 8, 10, 13]","[13]","10","0.9","To maintain sufficient inventory and cover expected demand while avoiding stockouts.","There is a risk of stockouts if demand spikes unexpectedly, but current inventory levels are adequate.","10"
"1","28","Wholesaler","82","0","15","6","4","6","1312.5","30.0","37.5","0.0","0.0","1305.0","0","","0","0","0","0","10","1360.0","77","0","[7, 10, 14, 7, 8, 9, 7, 9, 8, 8, 4, 17, 8, 4, 12, 6, 10, 8, 10, 13]","[13]","15","0.9","To maintain sufficient inventory and cover expected demand while considering backlog clearance.","Potential risk of stockouts if demand spikes unexpectedly; however, current inventory levels are healthy.","10"
"1","28","Distributor","75","0","15","6","21","6","1312.5","30.0","37.5","0.0","0.0","1305.0","0","","0","0","0","0","10","1360.0","65","0","[7, 10, 14, 7, 8, 9, 7, 9, 8, 8, 4, 17, 8, 4, 12, 6, 10, 8, 10, 13]","[12]","15","0.9","To maintain a buffer and cover expected demand while considering backlog clearance.","Potential risk of stockouts if demand spikes unexpectedly; however, current inventory is sufficient.","10"
"1","28","Factory","6","0","15","6","7","6","1030.5","30.0","22.5","0.0","0.0","1038.0","0","","0","0","0","0","10","873.0","0","19","[7, 10, 14, 7, 8, 9, 7, 9, 8, 8, 4, 17, 8, 4, 12, 6, 10, 8, 10, 13]","[19]","30","0.9","To clear backlog and meet expected demand, I will schedule production of 30 units.","High backlog may lead to stockouts if not addressed; however, production will help mitigate this risk.","10"
"1","29","Retailer","84","0","10","10","12","10","1332.5","50.0","25.0","0.0","0.0","1357.5","0","","0","0","0","0","8","1437.5","77","0","[7, 10, 14, 7, 8, 9, 7, 9, 8, 8, 4, 17, 8, 4, 12, 6, 10, 8, 10, 13]","[13]","10","0.9","To maintain sufficient inventory and cover expected demand while avoiding stockouts.","There is a risk of stockouts if demand spikes unexpectedly, but current inventory levels are adequate.","10"
"1","29","Wholesaler","84","0","15","10","12","10","1305.0","50.0","37.5","0.0","0.0","1317.5","0","","0","0","0","0","8","1360.0","77","0","[7, 10, 14, 7, 8, 9, 7, 9, 8, 8, 4, 17, 8, 4, 12, 6, 10, 8, 10, 13]","[13]","15","0.9","To maintain sufficient inventory and cover expected demand while considering backlog clearance.","Potential risk of stockouts if demand spikes unexpectedly; however, current inventory levels are healthy.","10"
"1","29","Distributor","84","0","15","10","19","10","1305.0","50.0","37.5","0.0","0.0","1317.5","0","","0","0","0","0","8","1360.0","65","0","[7, 10, 14, 7, 8, 9, 7, 9, 8, 8, 4, 17, 8, 4, 12, 6, 10, 8, 10, 13]","[12]","15","0.9","To maintain a buffer and cover expected demand while considering backlog clearance.","Potential risk of stockouts if demand spikes unexpectedly; however, current inventory is sufficient.","10"
"1","29","Factory","0","4","15","10","0","6","1038.0","30.0","22.5","0.0","10.0","1035.5","0","","0","0","0","0","8","873.0","0","19","[7, 10, 14, 7, 8, 9, 7, 9, 8, 8, 4, 17, 8, 4, 12, 6, 10, 8, 10, 13]","[19]","30","0.9","To clear backlog and meet expected demand, I will schedule production of 30 units.","High backlog may lead to stockouts if not addressed; however, production will help mitigate this risk.","10"
"1","30","Retailer","82","0","10","8","6","8","1357.5","40.0","25.0","0.0","0.0","1372.5","0","","0","0","0","0","10","1437.5","77","0","[7, 10, 14, 7, 8, 9, 7, 9, 8, 8, 4, 17, 8, 4, 12, 6, 10, 8, 10, 13]","[13]","10","0.9","To maintain sufficient inventory and cover expected demand while avoiding stockouts.","There is a risk of stockouts if demand spikes unexpectedly, but current inventory levels are adequate.","10"
"1","30","Wholesaler","82","0","15","8","6","8","1317.5","40.0","37.5","0.0","0.0","1320.0","0","","0","0","0","0","10","1360.0","77","0","[7, 10, 14, 7, 8, 9, 7, 9, 8, 8, 4, 17, 8, 4, 12, 6, 10, 8, 10, 13]","[13]","15","0.9","To maintain sufficient inventory and cover expected demand while considering backlog clearance.","Potential risk of stockouts if demand spikes unexpectedly; however, current inventory levels are healthy.","10"
"1","30","Distributor","82","0","15","8","6","8","1317.5","40.0","37.5","0.0","0.0","1320.0","0","","0","0","0","0","10","1360.0","65","0","[7, 10, 14, 7, 8, 9, 7, 9, 8, 8, 4, 17, 8, 4, 12, 6, 10, 8, 10, 13]","[12]","15","0.9","To maintain a buffer and cover expected demand while considering backlog clearance.","Potential risk of stockouts if demand spikes unexpectedly; however, current inventory is sufficient.","10"
"1","30","Factory","0","12","20","8","0","0","1035.5","0.0","30.0","0.0","30.0","975.5","0","","0","0","0","0","10","873.0","0","19","[7, 10, 14, 7, 8, 9, 7, 9, 8, 8, 4, 17, 8, 4, 12, 6, 10, 8, 10, 13]","[19]","30","0.9","To clear backlog and meet expected demand, I will schedule production of 30 units.","High backlog may lead to stockouts if not addressed; however, production will help mitigate this risk.","10"
"1","31","Retailer","82","0","10","10","10","10","1372.5","50.0","25.0","0.0","0.0","1397.5","0","","0","0","0","0","13","1437.5","77","0","[7, 10, 14, 7, 8, 9, 7, 9, 8, 8, 4, 17, 8, 4, 12, 6, 10, 8, 10, 13]","[13]","10","0.9","To maintain sufficient inventory and cover expected demand while avoiding stockouts.","There is a risk of stockouts if demand spikes unexpectedly, but current inventory levels are adequate.","10"
"1","31","Wholesaler","82","0","15","10","10","10","1320.0","50.0","37.5","0.0","0.0","1332.5","0","","0","0","0","0","13","1360.0","77","0","[7, 10, 14, 7, 8, 9, 7, 9, 8, 8, 4, 17, 8, 4, 12, 6, 10, 8, 10, 13]","[13]","15","0.9","To maintain sufficient inventory and cover expected demand while considering backlog clearance.","Potential risk of stockouts if demand spikes unexpectedly; however, current inventory levels are healthy.","10"
"1","31","Distributor","78","0","15","10","6","10","1320.0","50.0","37.5","0.0","0.0","1332.5","0","","0","0","0","0","13","1360.0","65","0","[7, 10, 14, 7, 8, 9, 7, 9, 8, 8, 4, 17, 8, 4, 12, 6, 10, 8, 10, 13]","[12]","15","0.9","To maintain a buffer and cover expected demand while considering backlog clearance.","Potential risk of stockouts if demand spikes unexpectedly; however, current inventory is sufficient.","10"
"1","31","Factory","0","18","30","10","4","4","975.5","20.0","45.0","0.0","45.0","905.5","0","","0","0","0","0","13","873.0","0","19","[7, 10, 14, 7, 8, 9, 7, 9, 8, 8, 4, 17, 8, 4, 12, 6, 10, 8, 10, 13]","[19]","30","0.9","To clear backlog and meet expected demand, I will schedule production of 30 units.","High backlog may lead to stockouts if not addressed; however, production will help mitigate this risk.","10"
